name,hits,action avg,action avg stddev,render avg,render avg stddev,db avg,db avg stddev,total avg,action,render,db,total
ConvsController#dashboard,5,2.08162,1.87839,0.74821,0.49300,1.39585,1.78841,4.22569,8.32649,2.99284,5.58341,16.90274
ConvsController#new,1,1.29255,0.00000,0.59627,0.00000,0.38708,0.00000,2.27590,1.29255,0.59627,0.38708,2.27590
ConvsController#show,2,0.98080,0.00000,0.91430,0.00000,0.03466,0.00000,1.92976,0.98080,0.91430,0.03466,1.92976
XmlController#feed,3,0.03542,0.04346,0.03150,0.04267,0.00094,0.00003,0.06786,0.10626,0.09450,0.00283,0.20359
DocController#show_tag_image,18,0.00129,0.00114,0.00004,0.00000,0.00367,0.01379,0.00499,0.02192,0.00062,0.06236,0.08490
ConvsController#index,13647,nan,nan,nan,nan,nan,nan,0.00000,0.00000,0.00000,0.00000,0.00000
ConvsController#create,1,nan,nan,nan,nan,nan,nan,0.00000,0.00000,0.00000,0.00000,0.00000
FederatedIdentityController#acs,2,nan,nan,nan,nan,nan,nan,0.00000,0.00000,0.00000,0.00000,0.00000
FederatedIdentityController#login,8,nan,nan,nan,nan,nan,nan,0.00000,0.00000,0.00000,0.00000,0.00000
Unit (GPU), which means paying more for a computer. But is this a bad thing?</p><p id=\"kalivo_match_low\">It started from a question by an AutoDesk Inventor user in the mcadforums on <a href=\"http://www.mcadforums.com/forums/files/autodesk_inventor_opengl_to_directx_evolution.pdf\">if OpenGL was supported on Vista or XP64bit (PDF)</a>. Then, <a href=\"https://forum.solidworks.com/forum/messageview.cfm?catid=134&amp;threadid=14541&amp;startpage=1&amp;CFID=8865188&amp;CFTOKEN=71477772\">Peter Yodis posted</a> a link to it in the SolidWorks Forums. Then, <a href=\"http://twitter.com/charlesculp\">Charles Culp</a> let everyone know about it on Twitter&#8230; THEN, Matt posted about <a href=\"http://dezignstuff.com/blog/?p=367\">SolidWorks and OpenGL</a> on his blog.</p><p id=\"kalivo_match_high\">It&#8217;s all made for some pretty interesting commentary on GPU technology and really shows how you can get involved in conversations about current technology very quickly with other SolidWorks users.</p><p id=\"kalivo_match_high\">That being said, here is the SolidSmack version in all of it&#8217;s regurgitated glory, but with a few extra spicy aspects to ponder. At the very least check out these key points and tell us what you think in the comments. <strong>Does SolidWorks need to switch to the DirectX3d API?</strong></p><p><strong>Some key points:</strong></p><ul><li> Direct3D is a Microsoft Windows API typically used for gaming.</li><li> OpenGL is an open standards API compatible with Windows, Linux and Mac typically used for high-end graphics.</li><li> OpenGL Graphics Processing Unit (GPU) cost more than DirectX3D gaming cards.</li><li> You can soft-mod most Direct3D gaming cards (nVidia GT series) to get OpenGL (nVidia FX series) functionality.</li><li>SolidWorks is currently only compatible with Microsoft Windows.</li></ul><p><strong>Comparison of OpenGL and Direct3D</strong></p><blockquote><p id=\"kalivo_match_high\"><em>In general, Direct3D is designed to be a 3D hardware interface. The feature set of Direct3D is derived from the feature set of what hardware provides. OpenGL, on the other hand, is designed to be a 3D rendering system that may be hardware accelerated. These two APIs are fundamentally designed under two separate modes of thought. The fact that the two APIs have become so similar in functionality shows how well hardware is converging into user functionality.</em></p><p><em>Even so, there are functional differences in how the two APIs work. Direct3D expects the application to manage hardware resources; OpenGL makes the implementation do it. This tradeoff for OpenGL decreases difficulty in developing for the API, while at the same time increasing the complexity of creating an implementation (or driver) that performs well. With Direct3D, the developer must manage hardware resources independently - however, the implementation is simpler, and developers have the flexibility to allocate resources in the most efficient way possible for their application.</em> - <sub><a href=\"http://en.wikipedia.org/wiki/Comparison_of_OpenGL_and_Direct3D\">Wikipedia: Comparison of OpenGL and Direct3D</a> </sub></p></blockquote><p id=\"kalivo_match_high\">In my opinion, side by side, I like the way OpenGL graphics look much better that the way Dierect3D graphics look. If SolidWorks was ever to be developed cross-platform for Mac, Linux and Windows, OpenGL would be the API to use. I don&#8217;t like paying more, which is why I&#8217;ve soft-modded some nVidia GT cards. If SolidWorks development decided to go with Direct3D, I doubt the software price would come down, even if there was less QA needed for the Direct3D compatibility. But we would be able to spend less on a GPU/computer.</p><p>&#8212;&#8212;&#8212;&#8212;&#8212;&#8212;&#8212;&#8212;<br />Highlights of <em>Autodesk Inventor OpenGL to DirectX Evolution</em> from <em>“Norbert”</em> - Autodesk Inventor Graphics Team</p><blockquote><p id=\"kalivo_match_high\">When we use OpenGL, we have found over the past many years (and still today) that we need to invest in a large, significant amount of QA&#8230; and use OpenGL almost on the level of 1997 graphics</p></blockquote><blockquote><p id=\"kalivo_match_high\">With Direct3D, our QA team can focus on testing our code and finding defects in our graphics code, instead of having to spend all their time just verifying that the graphics HW vendors have done their job correctly to produce an OpenGL graphics driver that actually works.</p></blockquote><blockquote><p>Direct3D works identically on x64 as on x86</p></blockquote><blockquote><p id=\"kalivo_match_high\">In &#8230;all defects that we see with the use of Direct3D&#8230;the problem is in our Inventor graphics layer code and the way we are using Direct3D in Inventor, not in the graphics HW vendor&#8217;s Direct3D graphics driver.</p></blockquote><blockquote><p id=\"kalivo_match_high\">when we use OpenGL, we never use the graphics HW for the rendering of any offscreen images&#8230;we are using the Direct3D graphics HW for all offscreen rendering.</p></blockquote><blockquote><p id=\"kalivo_match_high\">we have decided to focus on supporting Direct3D where we can focus the QA efforts on testing our own code and actually redirect some of the people currently spending all their time testing OpenGL graphics drivers to start testing our own graphics layer code</p></blockquote><blockquote><p id=\"kalivo_match_high\">we can add new graphics features and functionality because we know that we will have the QA resources available to test the new features &#8230; and we know that offscreen rendering will match onscreen rendering.</p></blockquote><blockquote><p id=\"kalivo_match_high\"><strong>where OpenGL graphics drivers actually disable some OpenGL functionality on consumer, game, laptop, and chipset HW so you are forced to purchase the more expensive workstation graphics HW, just so your OpenGL graphics works correctly.</strong> For example, if you are no longer required to spend $1000 to $2000 to simply have graphics HW that works, but can instead purchase a $100 to $350 game card &#8230; then you can take the $900 to $1650 you saved and spend it on other system aspects that might have a much more significant impact on your user experience with Inventor, such as having 8 GB of RAM instead of 4 GB,1,nan,nan,nan,nan,nan,nan,0.00000,0.00000,0.00000,0.00000,0.00000
Base#index,9,nan,nan,nan,nan,nan,nan,0.00000,0.00000,0.00000,0.00000,0.00000
ConvsController#browse_by_tag,1,nan,nan,nan,nan,nan,nan,0.00000,0.00000,0.00000,0.00000,0.00000
software, Pro/ENGINEER<b> \n Routed Systems Designer (RSD) 3.0</b></font></font> </li>\n <li><font face=\"Verdana, Arial\" size=\"-1\">Marketing</font><font size=\"-1\"><font face=\"Verdana, Arial\">:&nbsp;</font></font><font face=\"Verdana\" size=\"-1\">CIMdata \n lists <b>EDS</b> as the leading PLM technology supplier for cPDm, Release \n 10 of <b>StudioTools</b>, SMARTEAM <b>Smart Multi-site</b></font> </li>\n <li><font face=\"Verdana, Arial\" size=\"-1\">Financials</font><font size=\"-1\"><font face=\"Verdana, Arial\">:<b>&nbsp;</b></font><b><font face=\"Verdana\">Intel \n Corp.</font></b><font face=\"Verdana\"> to pay $300 million to <b>Intergraph</b>, \n <b>Moldflow</b> revenue up 3%-earnings down two thirds, <b>Dassault Systemes</b> \n 1Q2002 revenue up 11%-earnings up 34%, <b>MatrixOne</b> 3Q2002 revenue declines \n 16%-earnings becomes loss, <b>PlanetCAD</b> 4Q2001 revenue up slightly-loses \n $4.1 million, <b>Workgroup Technology Corporation</b> 4Q2002 revenue down \n 11%-loses $440K, <b>Autodesk</b> expects net revenues to be lower than expected, \n <b>ANSYS</b> 1Q2002 revenue up 17%-earnings uo 24%, <b>MSC.Software</b> 1Q2002 \n revenues up 49% (due to acquisition)-loses $2.4 million<b>&nbsp;</b></font><font face=\"Verdana, Arial\">&nbsp;</font></font> \n </li>\n <li><font face=\"Verdana, Arial\" size=\"-1\">Competitive wins</font><font size=\"-1\"><font face=\"Verdana, Arial\">:&nbsp;</font></font><font face=\"Verdana\" size=\"-1\">G.D \n standardizez on <b>thinkdesign</b>, Lockheed Martin Aeronautics licenses <b>T-Systems\' \n CATIA Metaphase Interface</b>, students design with <b>Autodesk Inventor</b> \n and <b>Autodesk Streamline</b>, Championship Racing switches to <b>SolidWorks</b>, \n Babcock &amp; Wilcox uses <b>SolidWorks</b> and KBE software, LATECOERE implements \n <b>ENOVIA</b>, Baker SPD uses <b>SolidWorks</b>, Wilhelm Karmann GmbH selectes \n <b>PAM-CRASH and PAM-STAMP</b>, Perry Slingsby Systems selectes <b>SMARTEAM</b>, \n Boston Gear uses <b>3D PartStream.NET</b>, Seats Inc. converts to <b>Solid \n Edge</b></font> </li>\n <li><font size=\"-1\"><font face=\"Verdana\">On the move People, Places, Partnering:&nbsp;<b>Mark \n Cutler</b>, of CoCreate, ESI Group and Renault Group, HKS and Elysium, Proficiency \n and PTC, The State Marine Technical University of Saint-Petersburg and IBM \n and Dassault Systemes, MatrixOne and Cimmetry Systems, former SDRC partner \n Streamline Technology Group and PTC</font></font> </li>\n</ul>\n<p><font face=\"Verdana, Arial, Helvetica, sans-serif\" size=\"1\"><b>Issue 109 (24 \n April 2002)</b></font></p>\n<ul>\n <li><b><font face=\"Verdana\"><font size=\"-1\">Rand becomes major IBM-Dassault reseller-integrator</font></font></b></li>\n <li> <font size=\"-1\"><b><font face=\"Verdana\">Centric Software clears the air on \n the Innovation Center</font></b></font></li>\n <li> <font face=\"Verdana\" size=\"-1\">New products: <b>EDS PLM Open architecture, \n E-vis 4.0, </b>Windchill <b>PDMLink</b></font></li>\n <li> <font size=\"-1\"><font face=\"Verdana, Arial, Helvetica, sans-serif\">Upgrades: \n </font><font face=\"Verdana\"><b>SolidWorks</b> and <b>GlobalSpec</b> ally, \n Axiom <b>SpellCheckerPlus</b> for MicroStation V8, Version 4.0 of <b>FiberSIM</b>, \n new Wizards for <b>PS-Moldmaker</b>, <b>OpenCNC</b> Version 6.2, latest <b>Trace \n Parts</b> version contains >300,000 components, <b>ESPRIT 2002</b>, <b>QuickNC</b></font></font></li>\n <li> <font size=\"-1\"><font face=\"Verdana, Arial\">Marketing: </font><font face=\"Verdana\"><b>SRAC</b> \n consulting revenues up, <b>Nihon Unisys</b> to use CATIA V5 architecture for \n die development processes, <b>Spicer</b> releases Image a*X 7.0<b>&nbsp;</b></font></font></li>\n <li> <font size=\"-1\"><font face=\"Verdana, Arial\">Collaboration: </font><font face=\"Verdana\"><b>DrawingRoom.net</b> \n offers users free document and drawing collaboration, Materialise starts <b>STLfix.com</b></font></font></li>\n <li> <font size=\"-1\"><font face=\"Verdana, Arial\">Competitive wins: </font><font face=\"Verdana\">Allied \n Systems migrates to Autodesk <b>Inventor</b>, Caterpillar signs contracts \n for <b>PLM with EDS</b>, Dassault Aviation chooses Dassault Systemes, Elkay \n Manufacturing cuts prototype time with <b>OneSpace</b>, Tecnomatix <b>Unicam</b> \n subsidiary wins at Harris, Open Text Corporation selects <b>AutoVue</b>, <b>PTC</b> \n progresses in JSF program, Bosch selects iTAC\'s <b>easy works</b></font></font></li>\n <li> <font size=\"-1\"><font face=\"Verdana, Arial\">Financials: </font><font face=\"Verdana\"><b>PTC</b> \n 2Q revenue declines 25% compared to the same quarter last year, cPDm market \n grew 25% last year, <b>MatrixOne</b> expects lower revenue this quarter, <b>Workgroup \n Technology</b> not interested in <b>SofTech</b> offer either</font></font></li>\n <li> <font face=\"Verdana\" size=\"-1\">On the move People, Places, Partnering: \n <b>Dr. Ken Short</b>, Hibbitt, Karlsson and Sorensen</font><font size=\"-1\">; <font face=\"Verdana\"><b>HKS</b> \n to integrate ABAQUS into the CATIA V5 user environment, <b>Forming Technologies</b> \n partners with CAA V5 for sheet metal forming, <b>Pacific Automation</b> to \n resell <b>FaceWorks</b> NC software</font></font></li>\n</ul>\n<p><font face=\"Verdana, Arial, Helvetica, sans-serif\" size=\"1\"><b>Issue 108 (8 \n April 2002)</b></font></p>\n<ul>\n <li><font face=\"Verdana\" size=\"-1\">New products: Sign-it for AutoCAD, Centric \n Software Innovation Center, Opticore Opus for Solaris</font> \n </li><li><font face=\"Verdana, Arial, Helvetica, sans-serif\" size=\"-1\">Upgrades:</font> \n <font face=\"Verdana\" size=\"-1\">MSC.visualNastran 4D 2002, new format for high-speed \n continuous 5-axis machining, Dynamic Designer for Inventor, solidThinkingRELEASE \n 5</font> \n </li><li><font face=\"Verdana, Arial\" size=\"-1\">Marketing: </font><font face=\"Verdana\" size=\"-1\">Cadpo\'s \n CATIA courseware, awards to: SolidWorks 2001Plus Best of Show, CoCreate OneSpace \n Solution Suite one of the top 10 products, Solid Edge Showstopper Award Best \n of Show awards</font> \n </li><li><font face=\"Verdana, Arial\" size=\"-1\">Competitive wins: </font><font face=\"Verdana\" size=\"-1\">IBM and Dassault Systemes collaborate with Toyota, \n ABB Canada\'s drys with Autodesk Inventor, CDI Engineering Services collaborates \n with CoCreate\'s OneSpace Solution Suite, Lockheed Martin Aeronautics opts \n for IBM PLM solutions for JFS, Pacific International Tool &amp; Shear cuts \n design cycle time with Autodesk Inventor, PROTON ergonomizes with DELMIA, \n TRW Automotive saves with PTC solutions</font> \n </li><li><font face=\"Verdana, Arial\" size=\"-1\">Financials: </font><font face=\"Verdana\" size=\"-1\">PTC \n expects lower revenue for quarter ended last month</font> \n </li><li><font face=\"Verdana\" size=\"-1\">On the move People, Places, Partnering: Delcam \n and SensAble, RealityWave ICT of Hong Kong, Ishikawajima-Harima Heavy Industries \n and Dassault Systemes and IBM PLM, 3Dconnexion and Dassault Systemes</font> \n </li><li><font face=\"Verdana\" size=\"-1\">Letters to the editor:</font> \n </li><li><font face=\"Verdana, Arial\" size=\"-1\">Upcoming events</font> \n</li></ul>\n<p><font face=\"Verdana, Arial, Helvetica, sans-serif\" size=\"1\"><b>Issue 107 (22 \n March 2002)</b></font></p>\n<ul>\n <li><b><font face=\"Verdana\" size=\"-1\">MSC.Software</font></b><font face=\"Verdana\" size=\"-1\"> \n to acquire <b>Mechanical Dynamics</b></font></li>\n <li><b><font face=\"Verdana\" size=\"-1\">PTC</font></b><font face=\"Verdana\" size=\"-1\"> \n to interoperate with <b>EDS PLM Solutions</b></font></li>\n <li><font face=\"Verdana\" size=\"-1\">New products: Phraselator Conquers the Tower \n of Babel, 3D Grapher</font></li>\n <li><font face=\"Verdana, Arial, Helvetica, sans-serif\" size=\"-1\">Upgrades: </font><font face=\"Verdana\" size=\"-1\">Vis \n Concept 3.0, Moldflow EZ-Track 2.0, Solid Edge Insight, Raindrop Geomagic \n Studio 4.1, PolyWorks/Inspector V7, Delcam PS-Electrode, VX Version 6</font></li>\n <li><font face=\"Verdana, Arial, Helvetica, sans-serif\" size=\"-1\">Collaboration: \n </font><font face=\"Verdana\" size=\"-1\">NetVendor Collaborative Workspace 4.2, \n Cyco AutoManager Meridian 2002, TeamVault AutoCAD Client, SpecStation for \n MatrixOne</font></li>\n <li><font face=\"Verdana, Arial\" size=\"-1\">Marketing: </font><font face=\"Verdana\" size=\"-1\">News \n from Autodesk\'s analyst meeting, SolidWorks 2001 award, Solid Edge awards \n Certified Select to 33 solutions, iSIGHT wins PACE award</font></li>\n <li><font face=\"Verdana\" size=\"-1\">Tools for software developers (new): CollabView \n 2.0 framework, RealityWave adds file format exporters, PTC and Tech Soft ally \n on HOOPS 3D Application Framework (HOOPS/3DAF)</font></li>\n <li><font face=\"Verdana, Arial\" size=\"-1\">Competitive wins: </font><font face=\"Verdana\" size=\"-1\">Researchers \n use CFdesign, Quasar orders Tecnomatix Unicam, Citadon licenses AutoVue, <br />\n Global Helicopter adds Autodesk Inventor, A-B-C Packaging Machine wraps up \n Autodesk Inventor order, <br />\n Sikorsky doubles FiberSIM use</font></li>\n <li><font face=\"Verdana, Arial\" size=\"-1\">Financials: </font><font face=\"Verdana\" size=\"-1\">MSC.Software \n fiscal year revenue up 33% to $236.1 million, but net earnings dropped 10% \n to a meager $10.3 million, Autodesk announces 2-for-1 stock split, Workgroup \n Technology in play!</font></li>\n <li><font face=\"Verdana\" size=\"-1\">On the move People, Places, Partnering: Chris \n Jones of SMARTEAM Europe, Informative Graphics Europe office, GoEngineer number \n one SolidWorks reseller; PTC partners with carat robotic innovation, Right \n Hemisphere, ForeFront Engineering &amp; Design; NKK Corporation, ICAM Technologies \n with Dassault Systemes; Raindrop Geomagic with Open Technologies and Genex \n Technologies; Autodesk with Immersive Design</font></li>\n <li><font face=\"Verdana\" size=\"-1\">Letters to the editor: John Callen of Gibbs \n and Associates points out that our STEP-NC comments were not entirely correct!</font></li>\n <li><font face=\"Verdana, Arial\" size=\"-1\">Upcoming events</font></li>\n <li><font face=\"Verdana, Arial\" size=\"-1\">eWeekly publisher information</font></li>\n</ul>\n<p></p>\n<p></p>\n<p><b><font face=\"Verdana\" size=\"-2\">Issue 106 (7 March 2002)</font></b></p>\n<ul>\n <li><b><font face=\"Verdana\" size=\"-1\">EDS</font></b><font face=\"Verdana\" size=\"-1\"> and <b>Autodesk</b> agree to interoperate</font> \n </li><li><font face=\"Verdana\" size=\"-1\">New products: <b>PTC</b> adds Groove technology, \n <b>ALGOR</b>\'s new fast solvers - how fast?, <b>Dassault Systemes</b> and \n <b>Hitachi Zosen</b> ally, Dassault Systemes releases <b>V5R8</b>, Mechanical \n Dynamics adds four new products to <b>ADAMS 12.0</b></font> \n </li><li><font face=\"Verdana, Arial, Helvetica, sans-serif\" size=\"-1\">Upgrades: </font><b><font face=\"Verdana\" size=\"-1\">Unigraphics</font></b><font face=\"Verdana\" size=\"-1\"> NX, <b>EdgeCAM</b> Version 6.50, <b>Powerinspect</b>, <b>STEP-NC</b>, \n <b>CADKEY Workshop</b> Version 20, <b>RapidForm2001</b> Plus Pack 1, <b>3D \n InterOp</b> version 3.0</font> \n </li><li><font face=\"Verdana, Arial, Helvetica, sans-serif\" size=\"-1\">Collaboration:&nbsp;</font><b><font face=\"Verdana\" size=\"-1\">HOOPS</font></b><font face=\"Verdana\" size=\"-1\"> Net \n Server used in TeamWorks, TTI debuts licensed <b>Acc-u-Trans</b></font> \n </li><li><font face=\"Verdana, Arial\" size=\"-1\">Marketing:&nbsp;</font><font face=\"Verdana\" size=\"-1\">Free <b>Maya</b> software?, <b>TASysWorks</b> certified for \n SolidWorks 2001+, <b>PDM/Works</b> 2002 adds function, <b>PTC\'s Product First</b> \n architecture, <b>IronCAD</b> to use PTC\'s Granite One, <b>Jacobs Associates</b> \n joins PTC Global Services\' Alliance</font> \n </li><li><font face=\"Verdana, Arial\" size=\"-1\">Competitive wins:&nbsp;</font><font face=\"Verdana\" size=\"-1\">Boeing Company purchases <b>FiberSIM</b>, Caterpillar \n to deploy <b>Proficiency Collaboration Gateway</b>, Country Coach selects \n <b>Autodesk Inventor</b>, <b>EDS</b> sells collaborative software to JSF Program, \n Georgia Tech adds <b>TeamVault</b>, Venture Industries selects <b>OneSpace</b>, \n Wink opts for <b>Synergis Adept</b>, Bandai designs with <b>FreeForm</b>, \n DaimlerChrysler deploys <b>CATIA</b> vehicle packaging, <b>DELMIA</b> flows \n with Airbus A380, TGV rides on <b>SolidWorks</b> designed bearings, China \n State Shipbuilding purchases </font><b><font face=\"Verdana\">10,000</font></b><font face=\"Verdana\" size=\"-1\"> <b>Autodesk Inventor</b> licenses, DaimlerChrysler \n purchases <b>CAM2 SPC</b></font> \n </li><li><font face=\"Verdana, Arial\" size=\"-1\">Financials: </font><b><font face=\"Verdana\" size=\"-1\">Autodesk</font></b><font face=\"Verdana\" size=\"-1\"> reports a \n strong finish last year</font> \n </li><li><font face=\"Verdana\" size=\"-1\">On the move:&nbsp;<b>William Gascoigne</b> \n of CoCreate, <b>Tilman Schad</b> of CoCreate, <b>INCAT</b> to sell TTI, <b>TTI</b> \n adds Granite, <b>TRIRIGA</b> licenses AutoVue, <b>ANSYS</b> integrates with \n Engineering Technology Associates</font> \n </li><li><font face=\"Verdana, Arial\" size=\"-1\">Upcoming events</font> \n</li></ul>\n<p><b><font face=\"Verdana\" size=\"-2\">Issue 105 (21 February 2002)</font></b></p>\n<ul>\n <li><font face=\"Verdana\" size=\"-1\">SolidWorks announces <b>TeamWorks</b> at \n SolidWorks World</font> </li>\n <li><font face=\"Verdana\" size=\"-1\">PTC announces <b>free solid modeling</b></font> \n </li>\n <li><b><font face=\"Verdana\" size=\"-1\">Autodesk repackages Inventor Series</font></b> \n <font face=\"Verdana\" size=\"-1\">: offers Inventor free to MDT users</font> \n </li>\n <li><b><font face=\"Verdana\" size=\"-1\">IBM Global Services</font></b> <font face=\"Verdana\" size=\"-1\"> \n becomes a <b>Dassault Systemes</b> Consulting Partner and adds <b>MatrixOne</b> \n product line</font> </li>\n <li><font face=\"Verdana\" size=\"-1\">Late breaking news: Autodesk acquires Revit \n for $133 million </font> </li>\n <li><font face=\"Verdana\" size=\"-1\">New products</font> <font face=\"Verdana\" size=\"-1\">: \n <b>CADKEY</b> OEMs KEYMILL 2-AXIS</font> </li>\n <li><font face=\"Verdana, Arial, Helvetica, sans-serif\" size=\"-1\"> Upgrades</font> \n <font face=\"Verdana, Arial, Helvetica, sans-serif\" size=\"-1\">: </font><b><font face=\"Verdana\" size=\"-1\"> \n Parasolid</font></b><font face=\"Verdana\" size=\"-1\"> 13.2, GEOMATE\'s <b>SketchCalc</b> \n , <b>TurboCAD</b> V8, <b>PolyCAPP</b> V2.60, <b>Expert Mold Designer</b> V19.5, \n <b>Moldflow Design Link</b> 3.0</font> </li>\n <li><font face=\"Verdana, Arial, Helvetica, sans-serif\" size=\"-1\"> Collaboration</font> \n <font face=\"Verdana, Arial, Helvetica, sans-serif\" size=\"-1\">:&nbsp;</font><b><font face=\"Verdana\" size=\"-1\"> \n CoCreate</font></b><font face=\"Verdana\" size=\"-1\"> series targets plastics \n mold base manufacturing, <b>ENGINEERING.com</b> Version 2.5, <b>ImpactXoft</b> \n \'s IX SPeeD Suite builds on Spatial\'s ACIS Modeler</font> </li>\n <li><font face=\"Verdana, Arial\" size=\"-1\">Marketing</font> <font face=\"Verdana, Arial\" size=\"-1\">:&nbsp;</font><b><font face=\"Verdana\" size=\"-1\"> \n AutoCAD</font></b><font face=\"Verdana\" size=\"-1\"> user group chooses Revit, \n <b>GibbsCAM</b> 2002 shows Autodesk Inventor-to-GibbsCAM Add-in, <b>TransCAT</b> \n joins Dassault Systemes program, <b>TASysWorks</b> tolerance analysis software \n certified Gold for SolidWorks 2001+</font> </li>\n <li><font face=\"Verdana, Arial\" size=\"-1\">Competitive wins</font> <font face=\"Verdana, Arial\" size=\"-1\">:&nbsp;</font><font face=\"Verdana\" size=\"-1\"> \n Sao Paulo buys 3000 <b>Interactive Physics</b> licenses, Ford implements <b>Tecnomatix \n MPM</b> solution, Delta Air Lines flies with <b>FiberSIM</b> , Shimizu buys \n 1,500 seats of <b>AutoCAD LT 2002</b>, Taylor-Dunn Corporation deploys <b>Inventor</b>, \n John Deere creates product information graphics with <b>IPA</b>, Ford expands \n CAD model quality with <b>CADIQ</b>, Therma-Wave, manages data with <b>PDM/Works</b></font> \n </li>\n <li><font face=\"Verdana, Arial\" size=\"-1\">Financials</font> <font face=\"Verdana, Arial\" size=\"-1\">: \n </font><b><font face=\"Verdana\" size=\"-1\"> ANSYS</font></b><font face=\"Verdana\" size=\"-1\"> \n revenue up 18%, <b>Dassault Systemes</b> revenue up 15%, Mechanical Dynamics \n revenues up 14%, <b>LightWork Design</b> spins off NavisWorks Division, <b>Geometric \n Software Solutions and Dassault Systemes</b> form joint venture, <b>Moldflow</b> \n revenue down down 12%</font> </li>\n <li><font face=\"Verdana\" size=\"-1\">On the move</font> <font face=\"Verdana\" size=\"-1\">:&nbsp;<b>Carl \n Bass</b>, Autodesk; <b> Doug May</b>, Autodesk: <b>Emmanuelle Delormes</b>, \n Cimatron France; <b> Dennis Barker</b>, Desktop Engineering; <b>David Hushbeck</b>, \n PlanetCAD; <br />\n <b>Jim Bracking</b>, PlanetCAD; <b>Thomas Butta</b>, PTC; <b>INCAT</b> partners; \n <b>Delcam</b> new Joint Venture; <b>Microsolid Solutions</b> ranks #1</font> \n </li>\n <li><font face=\"Verdana, Arial\" size=\"-1\">Upcoming events</font></li>\n</ul>\n<p><b><font face=\"Verdana\" size=\"-2\">Issue 104 (29 Jan 2002)</font></b></p>\n<menu> \n <li><b><font face=\"Verdana\" size=\"-1\">SolidWorks to announce 3D TeamWorks soon</font></b> \n </li><li><b><font face=\"Verdana\" size=\"-1\">PlanetCAD released SCS / Envoy</font></b> \n </li><li><font face=\"Verdana\" size=\"-1\">New products:<b> </b>ESI Group\'s <b>PAM-OPT</b> \n optimization solution, PlanetCAD\'s <b>SCS/Envoy</b></font> \n </li><li><font face=\"Verdana, Arial, Helvetica, sans-serif\" size=\"-1\">Upgrades:&nbsp;</font><b><font face=\"Verdana\" size=\"-1\">Cimatron E</font></b><font face=\"Verdana\" size=\"-1\">, <b>PS-Moldmaker</b>, <b>ESPRIT CAM</b>, 3<b>D Vision 1.2</b>, \n <b>Automation GATEWAY</b>, 3<b>D PartStream.NET 3.0</b></font> \n </li><li><font face=\"Verdana, Arial\" size=\"-1\">Marketing:&nbsp;</font><b><font face=\"Verdana\" size=\"-1\">LightWorks Real-time Plus</font></b><font face=\"Verdana\" size=\"-1\">, Gartner lists <b>MatrixOne</b> a leader,</font> \n <b><font face=\"Verdana\" size=\"-1\">Siebel Systems and PTC</font></b><font face=\"Verdana\" size=\"-1\"> \n form strategic alliance, <b>REALVIZ</b> becomes Dassault Systemes Partner, \n <b>GibbsCAM 2002</b> at SolidWorks World, Doctor Walt\'s CADKEY 20+ Primer, \n IMMI saves prototypes using <b>MSC.Marc</b>, <b>PTC Awards 2002</b> competition</font> \n </li><li><font face=\"Verdana, Arial\" size=\"-1\">Competitive wins:&nbsp;</font><font face=\"Verdana\" size=\"-1\">Kolberg-Pioneer purchases 32 seats of <b>Autodesk \n Inventor</b>, Deere &amp; Company buys <b>DFMA</b> software, Hida Electric \n purchases $290,000 of <b>Moldflow Plastics Insight</b> software, Rademaker \n Group buys 40 seats of <b>SolidWorks</b></font> \n </li><li><font face=\"Verdana, Arial\" size=\"-1\">Financials:</font><font face=\"Verdana\" size=\"-1\"> <b>PTC 1Q revenue down 15%</b> from same quarter \n last year - license revenue down 36%, <b>Raindrop Geomagic</b> achieves positive \n cash flow</font> \n </li><li><font face=\"Verdana\" size=\"-1\">On the move:&nbsp;<b>PRO-CAM </b>and<b> C \n &amp; C Technologies</b> move from SDRC to Delcam resellers, <b>Cimatron integrates \n ACIS</b> Modeler into Cimatron E software, <b>MSC.Software certified</b> as \n IBM Business Partner worldwide, <b>Tecnomatix</b> distributes with Seiko Instruments, \n <b>Brian Taylor</b>, to COO, Infrasoft Corporation, <b>L&amp;H Consultants</b> \n reverts to its original owners, from ownership by <b>CENIT AG</b></font> \n </li><li><font face=\"Verdana, Arial\" size=\"-1\">Upcoming events</font> \n </li><li><font face=\"Verdana, Arial\" size=\"-1\">eWeekly publisher information</font> \n</li></menu>\n\n<p><b><font face=\"Verdana\" size=\"-2\">Issue 103 (8 Jan 2002)</font></b></p>\n<menu>\n <li><b><font face=\"Verdana\" size=\"-1\">Greetings for the new year!</font></b>\n </li><li><b><font face=\"Verdana\" size=\"-1\">Autodesk upgrades to Streamline\n 3</font></b>\n </li><li><font face=\"Verdana\" size=\"-1\">New products</font> <font face=\"Verdana\" size=\"-1\">:&nbsp;Applied 3D Science releases\n <b>ParaLogix</b> using procedural modeling, CADKEY released <b>CADKEY\n GraphX</b> Version 20 advanced mechanical <i>drawing</i> software,\n Enabled Systems Ltd launches <b>ESysPDM</b></font>\n </li><li><font face=\"Verdana, Arial, Helvetica, sans-serif\" size=\"-1\">Upgrades</font>\n <font face=\"Verdana, Arial, Helvetica, sans-serif\" size=\"-1\">:&nbsp;</font><font face=\"Verdana\" size=\"-1\"> Delcam <b>PowerMILL 4</b>, <b>GibbsCAM\n 2002</b>, <b>Informative Graphics Brava! WebKit Version 3.1</b>,\n<br />\n Spicer Corporation <b>ViewCafe 2.0</b>, <b>Synergis</b> <b>Adept\n 5</b> , <b>Cadsoft Build Version 6.0</b> and <b>APDesign Version\n 11.0</b>, <br />\n Cimmetry Systems <b>AutoVue SolidModel 16</b></font>\n </li><li><font face=\"Verdana, Arial\" size=\"-1\">Marketing</font> <font face=\"Verdana, Arial\" size=\"-1\">:&nbsp;</font><b><font face=\"Verdana\" size=\"-1\"> SRAC\'s COSMOS/EMS</font></b><font face=\"Verdana\" size=\"-1\"> now a SolidWorks Solution Partner product, <b>MatrixOne\'s\n new ProgramManagement Central</b> , <b>PTC</b> and <b>Samsung\n SDS</b> launch CPC service, <b>Infrasoft</b> receives prestigious\n award</font>\n </li><li><font face=\"Verdana, Arial\" size=\"-1\">Competitive wins</font>\n <font face=\"Verdana, Arial\" size=\"-1\">:&nbsp;</font><font face=\"Verdana\" size=\"-1\"> China Heli Forklift Truck Company buys <b>SolidWorks</b>,\n Life Fitness selects <b>PDM/Works</b>, GM Powertrain simulates\n with <b>Delmia IGRIP</b> , Lockheed Martin\'s Solutions Center\n showcases <b>OneSpace</b>, Atena Engineering implements <b>MSC.Nastran\n and MSC.Patran</b>, Porsche AG installs <b>Q-Checker</b>, RINA\n gets geometric modeling software developed by <b>Open CASCADE</b>,\n Honda R&amp;D changes automotive methodology using <b>eMatrix</b></font>\n </li><li><font face=\"Verdana\" size=\"-1\">Letters to the editor</font>\n <font face=\"Verdana\" size=\"-1\">: <b>Spatial</b> wants retraction,\n <b>Agile</b> wants fair comparison</font>\n </li><li><font face=\"Verdana\" size=\"-1\">On the move</font> <font face=\"Verdana\" size=\"-1\">:&nbsp;<b>Stephen Dunn</b> of MatrixOne</font>\n </li><li><font face=\"Verdana, Arial\" size=\"-1\">Upcoming events</font>\n </li><li><font face=\"Verdana, Arial\" size=\"-1\">eWeekly publisher information</font>\n</li></menu>\n\n<p><a name=\"prior\"></a><a href=\"weekly_index_2001.html\"><font face=\"Verdana\" size=\"-2\">2001 \n Contents</font></a><font face=\"Verdana\" size=\"-2\"> (Issues 74 - 102)</font></p>\n\n<p><a href=\"weekly_index_2000.html\"><font face=\"Verdana\" size=\"-1\">2000\nIssues Contents</font></a><font face=\"Verdana\" size=\"-2\"> (Issues\n11 - 73)</font></p>\n\n<p><a href=\"weekly_index_1999.html\"><font face=\"Verdana\" size=\"-1\">1999\nIssues Contents</font></a><font face=\"Verdana\" size=\"-2\">,1,nan,nan,nan,nan,nan,nan,0.00000,0.00000,0.00000,0.00000,0.00000
ConvsController#destroy,1,nan,nan,nan,nan,nan,nan,0.00000,0.00000,0.00000,0.00000,0.00000
